<?xml version="1.0"?>

<beans xmlns="http://www.springframework.org/schema/beans"
       xmlns:tx="http://www.springframework.org/schema/tx"
       xmlns:xsi="http://www.w3.org/2001/XMLSchema-instance" xmlns:context="http://www.springframework.org/schema/context"
       xsi:schemaLocation="
        http://www.springframework.org/schema/beans http://www.springframework.org/schema/beans/spring-beans.xsd
        http://www.springframework.org/schema/tx http://www.springframework.org/schema/tx/spring-tx.xsd
        http://www.springframework.org/schema/context http://www.springframework.org/schema/context/spring-context.xsd">

  <!-- Persistence - database, Hibernate, transactions, repository implementations -->

  <context:property-placeholder location="classpath:/jdbc.properties" />

  <bean id="dataSource" class="com.zaxxer.hikari.HikariDataSource">
    <property name="jdbcUrl" value="${hibernate.connection.url}"/>
    <property name="driverClassName" value="${hibernate.connection.driver_class}"/>
    <property name="username" value="${hibernate.connection.username}"/>
    <property name="password" value="${hibernate.connection.password}"/>
    <property name="minimumIdle" value="4"/>
    <property name="autoCommit" value="false"/>
  </bean>

  <bean id="sessionFactory" class="org.springframework.orm.hibernate5.LocalSessionFactoryBean">
    <property name="dataSource" ref="dataSource"/>
    <property name="configLocation" value="classpath:/hibernate.cfg.xml"/>
  </bean>

  <bean id="transactionManager" class="org.springframework.orm.hibernate5.HibernateTransactionManager">
    <property name="sessionFactory" ref="sessionFactory"/>
  </bean>

  <tx:annotation-driven transaction-manager="transactionManager"/>

  <bean id="cargoRepository" class="se.citerus.dddsample.infrastructure.persistence.hibernate.CargoRepositoryHibernate">
    <property name="sessionFactory" ref="sessionFactory"/>
  </bean>

  <bean id="handlingEventRepository"
        class="se.citerus.dddsample.infrastructure.persistence.hibernate.HandlingEventRepositoryHibernate">
    <property name="sessionFactory" ref="sessionFactory"/>
  </bean>

  <bean id="voyageRepository"
        class="se.citerus.dddsample.infrastructure.persistence.hibernate.VoyageRepositoryHibernate">
    <property name="sessionFactory" ref="sessionFactory"/>
  </bean>

<!--  <bean id="locationRepository"-->
<!--        class="se.citerus.dddsample.infrastructure.persistence.hibernate.LocationRepositoryHibernate">-->
<!--    <property name="sessionFactory" ref="sessionFactory"/>-->
<!--  </bean>-->

</beans>