<?xml version="1.0"?>

<!DOCTYPE hibernate-mapping PUBLIC
  "-//Hibernate/Hibernate Mapping DTD 3.0//EN"
  "http://www.hibernate.org/dtd/hibernate-mapping-3.0.dtd">

<hibernate-mapping default-access="field">
  <class name="se.citerus.dddsample.domain.model.cargo.Cargo" table="Cargo">

    <id name="id" column="id">
      <generator class="org.hibernate.id.IdentityGenerator"/>
    </id>

    <component name="origin" update="false">
      <component name="referenceId">
        <property name="idValue" column="origin_id" not-null="true"/>
      </component>
    </component>

    <component name="trackingId" unique="true" update="false">
      <property name="id" column="tracking_id"/>
    </component>

    <component name="delivery" lazy="true">
      <property name="misdirected" column="is_misdirected" not-null="true"/>
      <property name="eta" column="eta" not-null="false"/>
      <property name="calculatedAt" column="calculated_at" not-null="true"/>
      <property name="isUnloadedAtDestination" column="unloaded_at_dest" not-null="true"/>

      <property name="routingStatus" column="routing_status" not-null="true">
        <type name="org.hibernate.type.EnumType">
          <param name="enumClass">se.citerus.dddsample.domain.model.cargo.RoutingStatus</param>
          <param name="type">12</param><!-- 12 is java.sql.Types.VARCHAR -->
        </type>
      </property>

      <component name="nextExpectedActivity" update="true">
        <component name="location">
          <component name="referenceId">
            <property name="idValue" column="next_expected_location_id"/>
          </component>
        </component>

        <property name="type" column="next_expected_handling_event_type">
          <type name="org.hibernate.type.EnumType">
            <param name="enumClass">se.citerus.dddsample.domain.model.handling.HandlingEvent$Type</param>
            <param name="type">12</param><!-- 12 is java.sql.Types.VARCHAR -->
          </type>
        </property>
        <many-to-one name="voyage" column="next_expected_voyage_id" foreign-key="next_expected_voyage_fk" cascade="none"/>
      </component>

      <property name="transportStatus" column="transport_status" not-null="true">
        <type name="org.hibernate.type.EnumType">
          <param name="enumClass">se.citerus.dddsample.domain.model.cargo.TransportStatus</param>
          <param name="type">12</param><!-- 12 is java.sql.Types.VARCHAR -->
        </type>
      </property>
      <many-to-one name="currentVoyage" column="current_voyage_id" not-null="false" cascade="none" foreign-key="current_voyage_fk"/>
      <component name="lastKnownLocation">
        <component name="referenceId">
<!--          <property name="idValue" column="last_known_location_id" not-null="true"/> LAST KNOWN LOCATION CAN BE NULL. WHY WAS THIS NOT THE CASE BEFORE? FEELS LIKE IT SHOULD HAVE BEEN NULLABLE BEFORE???-->
          <property name="idValue" column="last_known_location_id" not-null="false"/>
        </component>
      </component>
      <many-to-one name="lastEvent" column="last_event_id" not-null="false" cascade="none" foreign-key="last_event_fk"/>
    </component>

    <component name="routeSpecification">
      <component name="origin" update="false">
        <component name="referenceId">
          <property name="idValue" column="spec_origin_id" not-null="true"/>
        </component>
      </component>
      <component name="destination">
        <component name="referenceId">
          <property name="idValue" column="spec_destination_id" not-null="true"/>
        </component>
      </component>
      <property name="arrivalDeadline" column="spec_arrival_deadline" not-null="true"/>
    </component>

    <component name="itinerary">
      <!-- cascade=all-delete-orphan would be better, but it doesn't seem to work inside a component -->
      <list name="legs" lazy="true" cascade="all">
        <key column="cargo_id" foreign-key="itinerary_fk"/>
        <index column="leg_index"/>
        <one-to-many class="se.citerus.dddsample.domain.model.cargo.Leg"/>
      </list>
    </component>

  </class>
</hibernate-mapping>