<?xml version="1.0"?>

<!DOCTYPE hibernate-mapping PUBLIC
  "-//Hibernate/Hibernate Mapping DTD 3.0//EN"
  "http://www.hibernate.org/dtd/hibernate-mapping-3.0.dtd">

<hibernate-mapping default-access="field">
  <class name="se.citerus.dddsample.domain.model.voyage.CarrierMovement" table="CarrierMovement" mutable="false">

    <id name="id" column="id">
      <generator class="org.hibernate.id.IdentityGenerator"/>
    </id>

    <component name="arrivalLocation">
      <component name="referenceId">
        <property name="idValue" column="arrival_location_id" not-null="true"/>
      </component>
    </component>
    <property name="arrivalTime" column="arrival_time" not-null="true"/>

    <component name="departureLocation">
      <component name="referenceId">
        <property name="idValue" column="departure_location_id" not-null="true"/>
      </component>
    </component>
    <property name="departureTime" column="departure_time" not-null="true"/>

  </class>
</hibernate-mapping>