<?xml version="1.0"?>

<!DOCTYPE hibernate-mapping PUBLIC
  "-//Hibernate/Hibernate Mapping DTD 3.0//EN"
  "http://www.hibernate.org/dtd/hibernate-mapping-3.0.dtd">

<hibernate-mapping default-access="field">
  <class name="se.citerus.dddsample.domain.model.cargo.Leg" table="Leg" mutable="false">
    <id name="id" column="id">
      <generator class="org.hibernate.id.IdentityGenerator"/>
    </id>

    <many-to-one name="voyage" column="voyage_id" cascade="none" foreign-key="voyage_fk"/>

    <component name="loadLocation">
      <component name="referenceId">
        <property name="idValue" column="load_location_id" not-null="true"/>
      </component>
    </component>
    <property name="loadTime" column="load_time" not-null="true"/>

    <component name="unloadLocation">
      <component name="referenceId">
        <property name="idValue" column="unload_location_id" not-null="true"/>
      </component>
    </component>
    <property name="unloadTime" column="unload_time" not-null="true"/>
    
  </class>
</hibernate-mapping>